{
  "type": "minecraft:crafting_shapeless",
  "category": "building",
  "group": "wool",
  "ingredients": [
    "minecraft:orange_dye",
    [
      "minecraft:black_wool",
      "minecraft:blue_wool",
      "minecraft:brown_wool",
      "minecraft:cyan_wool",
      "minecraft:gray_wool",
      "minecraft:green_wool",
      "minecraft:light_blue_wool",
      "minecraft:light_gray_wool",
      "minecraft:lime_wool",
      "minecraft:magenta_wool",
      "minecraft:pink_wool",
      "minecraft:purple_wool",
      "minecraft:red_wool",
      "minecraft:yellow_wool",
      "minecraft:white_wool"
    ]
  ],
  "result": {
    "count": 1,
    "id": "minecraft:orange_wool"
  }
}